policy,regime,board_id,fruits,wall_hits,body_hits,board_completions,body_cells_removed,body_length_before_hits,return
direct,full,0,174,0,24,0,170,298,82.19999992847443
direct,full,1,157,0,22,0,150,230,74.09999993443489
direct,full,2,171,0,24,0,163,233,80.69999992847443
direct,full,3,169,0,24,0,161,221,79.69999992847443
direct,full,4,164,0,29,0,161,291,76.19999991357327
direct,full,5,160,0,26,0,154,280,74.79999992251396
direct,full,6,163,0,18,0,157,205,77.89999994635582
direct,full,7,168,0,24,0,166,244,79.19999992847443
direct,full,8,153,0,27,0,153,229,71.09999991953373
direct,full,9,167,0,25,0,162,260,78.4999999254942
direct,full,10,165,0,27,0,152,310,77.09999991953373
direct,full,11,157,0,26,0,152,344,73.29999992251396
direct,full,12,171,0,19,0,165,217,81.69999994337559
direct,full,13,154,0,21,0,139,241,72.79999993741512
direct,full,14,153,0,22,0,144,256,72.09999993443489
direct,full,15,154,0,18,0,147,203,73.39999994635582
direct,full,16,162,0,21,0,158,282,76.79999993741512
direct,full,17,153,0,23,0,152,252,71.89999993145466
direct,full,18,168,0,22,0,157,283,79.59999993443489
direct,full,19,152,0,18,0,143,227,72.39999994635582
direct,full,20,167,0,24,0,155,259,78.69999992847443
direct,full,21,157,0,21,0,151,273,74.29999993741512
direct,full,22,157,0,23,0,144,192,73.89999993145466
direct,full,23,161,0,23,0,145,235,75.89999993145466
direct,full,24,158,0,21,0,147,229,74.79999993741512
direct,full,25,171,0,19,0,158,236,81.69999994337559
direct,full,26,157,0,26,0,142,266,73.29999992251396
direct,full,27,161,0,22,0,146,312,76.09999993443489
direct,full,28,158,0,19,0,153,221,75.19999994337559
direct,full,29,152,0,18,0,139,223,72.39999994635582
direct,full,30,157,0,21,0,149,235,74.29999993741512
direct,full,31,166,0,22,0,159,209,78.59999993443489
direct,full,32,150,0,20,0,147,217,70.99999994039536
direct,full,33,157,0,19,0,149,235,74.69999994337559
direct,full,34,161,0,24,0,158,368,75.69999992847443
direct,full,35,168,0,27,0,161,257,78.59999991953373
direct,full,36,163,0,22,0,159,263,77.09999993443489
direct,full,37,157,0,20,0,150,186,74.49999994039536
direct,full,38,166,0,24,0,165,329,78.19999992847443
direct,full,39,162,0,23,0,161,237,76.39999993145466
direct,full,40,150,0,23,0,135,375,70.39999993145466
direct,full,41,164,0,29,0,144,346,76.19999991357327
direct,full,42,174,0,25,0,162,308,81.9999999254942
direct,full,43,160,0,22,0,155,245,75.59999993443489
direct,full,44,156,0,21,0,150,230,73.79999993741512
direct,full,45,157,0,24,0,144,270,73.69999992847443
direct,full,46,153,0,17,0,150,186,73.09999994933605
direct,full,47,161,0,19,0,150,214,76.69999994337559
direct,full,48,167,0,25,0,166,272,78.4999999254942
direct,full,49,149,0,25,0,148,250,69.4999999254942
direct,full,50,169,0,21,0,160,230,80.29999993741512
direct,full,51,156,0,24,0,149,253,73.19999992847443
direct,full,52,158,0,21,0,157,253,74.79999993741512
direct,full,53,158,0,16,0,152,204,75.79999995231628
direct,full,54,159,0,23,0,155,281,74.89999993145466
direct,full,55,172,0,26,0,170,242,80.79999992251396
direct,full,56,165,0,25,0,158,338,77.4999999254942
direct,full,57,157,0,22,0,148,210,74.09999993443489
direct,full,58,162,0,23,0,153,237,76.39999993145466
direct,full,59,170,0,26,0,157,295,79.79999992251396
direct,full,60,163,0,19,0,162,236,77.69999994337559
direct,full,61,147,0,20,0,133,187,69.49999994039536
direct,full,62,154,0,20,0,138,276,72.99999994039536
direct,full,63,150,0,22,0,147,241,70.59999993443489
direct,full,64,163,0,29,0,156,338,75.69999991357327
direct,full,65,156,0,21,0,152,242,73.79999993741512
direct,full,66,159,0,21,0,143,289,75.29999993741512
direct,full,67,160,0,23,0,154,260,75.39999993145466
direct,full,68,163,0,20,0,149,255,77.49999994039536
direct,full,69,167,0,22,0,157,257,79.09999993443489
direct,full,70,167,0,23,0,167,253,78.89999993145466
direct,full,71,156,0,20,0,144,204,73.99999994039536
direct,full,72,164,0,25,0,150,300,76.9999999254942
direct,full,73,162,0,29,0,161,271,75.19999991357327
direct,full,74,162,0,22,0,150,264,76.59999993443489
direct,full,75,158,0,23,0,152,330,74.39999993145466
direct,full,76,159,0,25,0,151,229,74.4999999254942
direct,full,77,148,0,20,0,148,240,69.99999994039536
direct,full,78,163,0,23,0,162,306,76.89999993145466
direct,full,79,159,0,25,0,153,281,74.4999999254942
direct,full,80,158,0,23,0,142,268,74.39999993145466
direct,full,81,163,0,24,0,157,281,76.69999992847443
direct,full,82,161,0,23,0,160,268,75.89999993145466
direct,full,83,153,0,19,0,149,199,72.69999994337559
direct,full,84,159,0,23,0,148,238,74.89999993145466
direct,full,85,170,0,21,0,162,246,80.79999993741512
direct,full,86,156,0,27,0,148,332,72.59999991953373
direct,full,87,159,0,21,0,149,231,75.29999993741512
direct,full,88,164,0,24,0,160,252,77.19999992847443
direct,full,89,158,0,19,0,151,221,75.19999994337559
direct,full,90,172,0,26,0,169,267,80.79999992251396
direct,full,91,160,0,22,0,149,265,75.59999993443489
direct,full,92,164,0,18,0,149,209,78.39999994635582
direct,full,93,161,0,19,0,143,265,76.69999994337559
direct,full,94,166,0,27,0,160,362,77.59999991953373
direct,full,95,166,0,20,0,157,269,78.99999994039536
direct,full,96,162,0,23,0,148,280,76.39999993145466
direct,full,97,160,0,28,0,147,257,74.3999999165535
direct,full,98,163,0,25,0,158,258,76.4999999254942
direct,full,99,159,0,20,0,149,263,75.49999994039536
direct,partial,0,49,2,7,0,35,48,22.899999976158142
direct,partial,1,32,2,7,0,28,36,14.399999976158142
direct,partial,2,39,3,8,0,33,58,17.599999971687794
direct,partial,3,34,6,5,0,34,38,15.399999976158142
direct,partial,4,34,5,4,0,22,27,15.69999998062849
direct,partial,5,36,6,5,0,31,42,16.399999976158142
direct,partial,6,42,5,7,0,38,57,19.099999971687794
direct,partial,7,24,2,3,0,19,22,11.199999988079071
direct,partial,8,17,0,2,0,12,12,8.099999994039536
direct,partial,9,31,3,3,0,21,24,14.599999986588955
direct,partial,10,38,2,4,0,27,37,17.99999998509884
direct,partial,11,40,2,6,0,29,44,18.599999979138374
direct,partial,12,38,2,3,0,36,38,18.19999998807907
direct,partial,13,28,2,5,0,23,29,12.799999982118607
direct,partial,14,37,0,6,0,37,49,17.299999982118607
direct,partial,15,35,2,3,0,26,27,16.69999998807907
direct,partial,16,33,3,5,0,28,42,15.19999998062849
direct,partial,17,29,0,2,0,20,20,14.099999994039536
direct,partial,18,32,3,6,0,26,40,14.499999977648258
direct,partial,19,41,2,5,0,34,40,19.299999982118607
direct,partial,20,28,2,4,0,22,32,12.999999985098839
direct,partial,21,25,5,5,0,16,22,10.999999977648258
direct,partial,22,62,2,7,0,51,68,29.399999976158142
direct,partial,23,38,2,5,0,29,38,17.799999982118607
direct,partial,24,32,2,6,0,29,36,14.599999979138374
direct,partial,25,17,0,2,0,15,17,8.099999994039536
direct,partial,26,31,1,7,0,27,37,13.999999977648258
direct,partial,27,45,4,6,0,37,56,20.899999976158142
direct,partial,28,39,1,6,0,38,52,18.19999998062849
direct,partial,29,37,0,6,0,30,54,17.299999982118607
direct,partial,30,33,3,5,0,27,35,15.19999998062849
direct,partial,31,41,0,6,0,39,39,19.299999982118607
direct,partial,32,37,2,4,0,30,42,17.49999998509884
direct,partial,33,36,3,3,0,26,27,17.099999986588955
direct,partial,34,48,1,7,0,46,53,22.499999977648258
direct,partial,35,21,5,2,0,15,19,9.599999986588955
direct,partial,36,24,0,3,0,23,25,11.399999991059303
direct,partial,37,41,5,6,0,39,55,18.799999974668026
direct,partial,38,35,3,7,0,31,54,15.799999974668026
direct,partial,39,45,0,6,0,39,53,21.299999982118607
direct,partial,40,38,3,5,0,32,40,17.69999998062849
direct,partial,41,46,1,5,0,38,56,21.899999983608723
direct,partial,42,30,2,5,0,27,42,13.799999982118607
direct,partial,43,33,1,6,0,33,55,15.19999998062849
direct,partial,44,26,4,3,0,20,25,11.999999985098839
direct,partial,45,32,7,5,0,24,30,14.299999974668026
direct,partial,46,29,4,7,0,26,40,12.69999997317791
direct,partial,47,31,4,5,0,29,41,14.099999979138374
direct,partial,48,25,1,5,0,25,33,11.399999983608723
direct,partial,49,36,5,8,0,30,54,15.899999968707561
direct,partial,50,47,2,7,0,43,61,21.899999976158142
direct,partial,51,37,1,3,0,25,34,17.799999989569187
direct,partial,52,42,8,9,0,35,60,18.39999996125698
direct,partial,53,47,1,4,0,40,48,22.599999986588955
direct,partial,54,43,5,7,0,34,54,19.599999971687794
direct,partial,55,49,1,6,0,42,58,23.19999998062849
direct,partial,56,26,1,5,0,25,37,11.899999983608723
direct,partial,57,53,2,8,0,47,70,24.69999997317791
direct,partial,58,38,1,7,0,36,50,17.499999977648258
direct,partial,59,43,2,8,0,42,77,19.69999997317791
direct,partial,60,36,7,4,0,21,32,16.499999977648258
direct,partial,61,34,2,2,0,17,18,16.399999991059303
direct,partial,62,39,1,7,0,32,58,17.999999977648258
direct,partial,63,34,2,6,0,29,40,15.599999979138374
direct,partial,64,33,1,5,0,30,50,15.399999983608723
direct,partial,65,34,2,7,0,26,53,15.399999976158142
direct,partial,66,36,2,6,0,31,55,16.599999979138374
direct,partial,67,34,4,5,0,31,38,15.599999979138374
direct,partial,68,42,5,8,0,41,79,18.89999996870756
direct,partial,69,40,2,6,0,36,46,18.599999979138374
direct,partial,70,38,6,5,0,36,42,17.399999976158142
direct,partial,71,44,0,5,0,40,50,20.99999998509884
direct,partial,72,38,7,2,0,25,26,17.899999983608723
direct,partial,73,31,0,4,0,24,28,14.699999988079071
direct,partial,74,33,4,4,0,23,31,15.299999982118607
direct,partial,75,39,3,7,0,31,61,17.799999974668026
direct,partial,76,40,5,7,0,33,48,18.099999971687794
direct,partial,77,47,5,6,0,42,57,21.799999974668026
direct,partial,78,43,2,5,0,42,51,20.299999982118607
direct,partial,79,49,1,6,0,41,48,23.19999998062849
direct,partial,80,42,1,4,0,39,42,20.099999986588955
direct,partial,81,37,3,7,0,31,64,16.799999974668026
direct,partial,82,28,2,4,0,22,33,12.999999985098839
direct,partial,83,35,0,6,0,25,49,16.299999982118607
direct,partial,84,32,2,6,0,28,47,14.599999979138374
direct,partial,85,23,0,5,0,19,39,10.499999985098839
direct,partial,86,45,2,7,0,37,57,20.899999976158142
direct,partial,87,32,0,3,0,31,35,15.399999991059303
direct,partial,88,42,4,8,0,38,62,18.999999970197678
direct,partial,89,36,6,6,0,31,38,16.19999997317791
direct,partial,90,29,7,5,0,23,30,12.799999974668026
direct,partial,91,42,0,7,0,41,59,19.599999979138374
direct,partial,92,24,1,5,0,21,31,10.899999983608723
direct,partial,93,28,1,6,0,24,40,12.69999998062849
direct,partial,94,38,2,5,0,27,39,17.799999982118607
direct,partial,95,35,2,7,0,21,51,15.899999976158142
direct,partial,96,40,3,6,0,33,51,18.499999977648258
direct,partial,97,41,2,7,0,38,59,18.899999976158142
direct,partial,98,33,1,6,0,28,50,15.19999998062849
direct,partial,99,36,5,6,0,35,46,16.299999974668026
